1,Gretna,Slyme,Apt 218
2,Inness,Keyte,Apt 1535
3,Rafaelita,Midlane,19th Floor
4,Rikki,Miliffe,Apt 26
5,Bobinette,Mardy,Room 1277
6,Gregor,Cherryman,1st Floor
7,Boniface,Lukianov,Room 259
8,Claribel,Hooban,Suite 88
9,Rodney,Clynter,PO Box 78252
10,Saunders,Bayfield,Suite 2
11,Ailbert,Skurray,Room 314
12,Grover,Tutchell,Room 1606
13,Sibyl,Proffitt,Apt 256
14,Dermot,Kindley,Room 1388
15,Auberta,Pashley,PO Box 46067
16,Kaiser,Disley,Suite 94
17,Fiona,Noddings,Room 1865
18,Salaidh,Silvermann,Apt 1091
19,Annabelle,Pendleberry,Suite 83
20,Ibbie,McHaffy,Apt 428
21,Antonella,Burnside,Apt 940
22,Marys,Tonkin,Suite 91
23,Rosemaria,Dewbury,Room 977
24,Tonie,Creavan,Room 1906
25,Elsinore,Maypowder,Suite 30
26,Tremayne,Cutchie,Suite 83
27,Joela,Burdas,Room 1955
28,Nicolle,O'Fihillie,PO Box 67164
29,Franky,Bryden,16th Floor
30,Bernadene,Checchetelli,Suite 80
31,Amii,Ties,20th Floor
32,Jere,Locket,17th Floor
33,Poppy,Huntly,Apt 229
34,Lemmie,Sexty,Room 392
35,Susannah,Heugh,Apt 1104
36,Tait,Ballay,Suite 54
37,Erroll,Biffin,Apt 1303
38,Olav,Plowell,Suite 28
39,Barnaby,Attac,10th Floor
40,Ignacius,Childerley,Room 480
41,Bengt,De Pero,Room 1126
42,Friedrich,Bartul,Apt 1477
43,Lonny,Danielski,Room 1733
44,Merell,McAne,Suite 77
45,Fidelity,Laskey,Room 1962
46,Emmott,Kirley,2nd Floor
47,Shawn,Pigott,Apt 1369
48,Madeline,Pountain,12th Floor
49,Daffi,Edinburough,Apt 1921
50,Anderson,Slyne,Room 1429
51,Bernelle,O'Kielt,Room 205
52,Phip,Adamiak,3rd Floor
53,Irwin,Few,19th Floor
54,Correy,Barday,PO Box 36387
55,Teresina,Abramcik,20th Floor
56,Garey,Cruces,16th Floor
57,Mable,Elis,Apt 1540
58,Dierdre,Keyho,Room 518
59,Alma,Dillingham,PO Box 29126
60,Cort,Dannatt,PO Box 19444
61,Burnaby,Matthiesen,Room 1059
62,Jedd,Wedgwood,Apt 1989
63,Erv,Roundtree,14th Floor
64,Clemmie,Arstingall,Suite 36
65,Adrian,Lamort,Apt 1560
66,Denni,Gunson,Apt 1745
67,Aveline,Espinoy,Apt 923
68,Sim,Falla,PO Box 9908
69,Demetris,Vicar,19th Floor
70,Danny,Axston,Apt 407
71,Gaylord,Falshaw,Apt 1255
72,Verena,Colvin,Room 944
73,Dieter,Cattanach,10th Floor
74,Jermaine,Greiswood,14th Floor
75,Gawain,Rother,Room 884
76,Moises,Stute,Room 1838
77,Wendel,Momford,PO Box 31799
78,Ebonee,Ellgood,Room 1040
79,Horst,Annandale,PO Box 69044
80,Prudence,Dinis,Suite 97
81,Francisco,Gowrie,PO Box 67391
82,Marshall,Pool,5th Floor
83,Rawley,Case,Room 1213
84,Sutherlan,Widocks,PO Box 88628
85,Dorree,Smartman,20th Floor
86,Pierre,McGerraghty,Apt 436
87,Silvano,McKmurrie,Suite 60
88,Odette,Kindleysides,Room 762
89,Sergent,O'Shirine,PO Box 95834
90,Hillel,Facchini,Apt 1572
91,Charla,Richard,12th Floor
92,Bradan,Scole,Room 16
93,Maynard,Stovold,3rd Floor
94,Gilemette,Mattiessen,PO Box 13204
95,Inge,Booth,Apt 21
96,Manny,Jankiewicz,2nd Floor
97,Seward,Hardage,Apt 866
98,Ashlee,Stenbridge,Apt 1999
99,Alberik,Burstowe,18th Floor
100,Nannette,Housiaux,Room 338
101,Beatriz,Mullett,10th Floor
102,Cosme,Spera,Room 1617
103,Harrietta,Snarie,8th Floor
104,Bobbye,Giblett,PO Box 36887
105,Ramsay,Andrzejowski,Suite 79
106,Fran,Crippen,2nd Floor
107,Adan,Jansen,10th Floor
108,Benedetta,Iacopini,PO Box 16976
109,Giorgio,Marsham,PO Box 24782
110,Salvador,Malyj,Suite 35
111,Adelbert,Clayden,Room 411
112,Aleksandr,Brockhouse,Apt 270
113,Ardys,Darkott,PO Box 41812
114,Jamaal,Giles,3rd Floor
115,Thacher,Burwin,Apt 1467
116,Everard,Coleson,4th Floor
117,Lemuel,Schaumann,PO Box 28019
118,Haleigh,Tomasz,PO Box 69930
119,Kalvin,Muir,1st Floor
120,Alexander,Ding,PO Box 63686
121,Annmarie,Geistmann,PO Box 47447
122,Kikelia,Woolam,PO Box 75916
123,Sibilla,Latch,Suite 86
124,Chester,Challiner,Suite 1
125,Alex,Devenny,Room 229
126,Zelig,Shawel,4th Floor
127,Corine,Oxborough,18th Floor
128,Karlens,Longwood,PO Box 86400
129,Maryanne,Kilshaw,Suite 85
130,Phyllis,Wallbank,Room 216
131,Ray,Birkin,18th Floor
132,Eddi,Barnewille,Apt 616
133,Horten,Scutter,PO Box 6835
134,Delphine,Thornally,17th Floor
135,Ava,Brogan,12th Floor
136,Randy,Sharrard,Room 503
137,Jock,Newberry,Suite 35
138,Shell,Leckey,Room 567
139,Kenny,Krinks,Suite 58
140,Tades,Townsend,PO Box 96879
141,Honey,Sturzaker,Suite 89
142,Den,Deer,Apt 1373
143,Claybourne,Rupp,PO Box 34937
144,Ania,Danshin,Apt 1263
145,Anitra,Plinck,Apt 142
146,Ailis,Cavee,Suite 42
147,Godfrey,Ailsbury,Apt 1280
148,Terencio,Dobrowski,15th Floor
149,Vyky,Duxbury,6th Floor
150,Jerrold,Dunstall,15th Floor
151,Cori,Hayller,Room 575
152,Allis,Blow,8th Floor
153,Christie,Pretti,PO Box 45484
154,Chilton,Warbrick,Room 1106
155,Jacynth,McCullen,2nd Floor
156,Rhona,Rosser,Suite 11
157,Bettye,Dines,Apt 643
158,Tabbatha,Tummons,Suite 99
159,Gretel,Dormer,Suite 100
160,Flo,Goldstraw,Room 618
161,Pepito,Abden,Suite 72
162,Peggi,Sedger,Room 1144
163,Ford,Mottram,13th Floor
164,Barney,McElory,PO Box 63910
165,Bone,Donneely,PO Box 80801
166,Laina,Ratley,13th Floor
167,Margi,Winwright,Room 481
168,Malva,Leverage,17th Floor
169,Riccardo,Hefferan,Room 133
170,Jeanelle,Verny,Room 701
171,Karlotte,Dows,Apt 1930
172,Lynnet,Duns,Suite 59
173,Rolland,Hawkshaw,14th Floor
174,Isaac,Teodorski,Room 1604
175,Kayla,MacKibbon,Room 304
176,Nikos,Kenwell,Suite 58
177,Alvan,Whapples,Suite 65
178,Julietta,Bampford,9th Floor
179,Norrie,Witherby,PO Box 98522
180,Stevena,Lark,Room 986
181,Sibelle,Durie,PO Box 93499
182,Tessy,Crew,Apt 345
183,Lishe,Orneblow,Apt 812
184,Aloisia,Espin,Room 1912
185,Leeanne,Glossup,Room 1365
186,Brietta,Scatcher,Apt 1311
187,Aylmar,Capehorn,19th Floor
188,Dawna,Corkel,PO Box 36291
189,Alain,Kiessel,PO Box 4498
190,Giffard,Desbrow,Suite 23
191,Brett,Jekyll,13th Floor
192,Orel,Nowlan,PO Box 47752
193,Salvatore,Pezey,13th Floor
194,Charlot,Haddy,19th Floor
195,Caria,Budding,Suite 81
196,Wyatt,Vanshin,Apt 1771
197,Easter,Ruffli,Suite 25
198,Belicia,Perrie,Apt 1540
199,Pierre,Sopp,Apt 627
200,Davida,Hurtic,PO Box 30840
201,Petey,Atwel,Suite 7
202,Orelee,Saladino,Apt 1753
203,Jessey,Oakey,Suite 20
204,Gamaliel,Berkley,18th Floor
205,Kristan,Deverill,Suite 37
206,Brok,Oxtiby,13th Floor
207,Anthe,Diggle,Apt 1762
208,Thaxter,Chicchetto,Apt 1452
209,Layton,Tavener,Suite 66
210,Clarisse,Otley,PO Box 12651
211,Benedikta,Lancetter,Suite 39
212,Jefferson,Wedlake,Apt 1195
213,Nikolaus,Venner,PO Box 95570
214,Latashia,Frearson,11th Floor
215,Mella,Proughten,15th Floor
216,Eberhard,Cuningham,Room 1058
217,Randell,Sweatland,PO Box 74649
218,Drake,Pendergrast,9th Floor
219,Jaynell,Work,Suite 9
220,Evelin,Klimochkin,Suite 57
221,Rodrique,Hurton,Room 1886
222,Gregoire,Laborde,Suite 50
223,Benita,Dehm,PO Box 19977
224,Barbabra,Cochet,Apt 967
225,Bealle,Vassman,Apt 1537
226,Neal,Emmot,9th Floor
227,Levin,Themann,Room 1981
228,Madelon,Corke,Apt 288
229,Clarabelle,Habbijam,PO Box 82780
230,Sterling,De Mars,Room 1859
231,Almeria,Markel,PO Box 90534
232,Heddi,Bradforth,PO Box 5568
233,Dorothee,Crass,PO Box 76400
234,Laure,Minchell,Room 1437
235,Floria,Nestle,Room 1133
236,Findley,Abbott,10th Floor
237,Barbette,Beacon,Apt 817
238,Ulysses,Ehrat,17th Floor
239,Marybelle,Backshaw,Room 1035
240,Alisun,Althorp,PO Box 47527
241,Gennifer,Rollin,12th Floor
242,Alla,Knath,PO Box 54913
243,Ginger,Lillicrop,12th Floor
244,Katrine,Celand,Apt 1319
245,Loreen,Duffyn,PO Box 79353
246,Ellette,Scheffler,Suite 99
247,Maynard,McCuffie,1st Floor
248,Elspeth,Petronis,PO Box 25768
249,Anica,Jeppe,Apt 1955
250,Jakob,Tomasian,Room 1978
251,Fallon,Bounde,Room 1353
252,Eddie,Nutter,6th Floor
253,Rebeca,Niemiec,11th Floor
254,Opalina,Lesslie,Suite 92
255,Penn,Twelve,Suite 32
256,Jilly,Clemanceau,Room 1386
257,Herby,McGarrahan,Apt 958
258,Jerry,Crofts,Room 393
259,Perrine,Schollick,15th Floor
260,Sarajane,Boylan,Apt 307
261,Doreen,Haliburn,Suite 25
262,Marlene,Dumbellow,Room 1314
263,Melantha,Hargess,PO Box 49290
264,Hubie,Colby,3rd Floor
265,Jsandye,Belward,4th Floor
266,Birk,Franklyn,PO Box 79623
267,Helena,Duetsche,Suite 64
268,Cathleen,Loadman,Apt 881
269,Garrick,Lannin,Apt 405
270,Curt,Kobes,Room 4
271,Carie,Minucci,Suite 30
272,Clerc,Connichie,18th Floor
273,Wiley,Cettell,Apt 616
274,Jedidiah,Azemar,Room 536
275,Carmelina,Kimbling,18th Floor
276,Jervis,Wolledge,PO Box 6321
277,Ibbie,Cadwaladr,13th Floor
278,Winna,Chapelle,Room 86
279,Gabi,Iacovelli,Apt 1750
280,Emyle,Scurrey,Apt 1436
281,Dulcinea,Doudney,Room 349
282,Susette,Manvelle,Suite 35
283,Georgy,Steven,Apt 351
284,Carolee,Cowle,Room 1148
285,Ronna,Dreelan,Suite 11
286,Ruddy,Penhallurick,17th Floor
287,Boy,Gillice,14th Floor
288,Faunie,Yeeles,PO Box 94849
289,Robby,Ackerley,Apt 1054
290,Mirilla,Bason,Room 695
291,Marijo,Swate,Apt 29
292,Elsworth,Bowdrey,5th Floor
293,Daniela,Haste,Suite 15
294,Maryanna,Allcoat,Room 1584
295,Willa,Didsbury,PO Box 46218
296,Jared,Armell,12th Floor
297,Kamila,Benedtti,Apt 153
298,Bertrand,Whissell,PO Box 936
299,Consuelo,Banfill,Room 532
300,Angelico,Corradini,13th Floor
301,Abigail,Muck,Apt 1079
302,Cordelia,Minshaw,12th Floor
303,Raquela,Bosdet,Room 47
304,Packston,Dalgetty,PO Box 69194
305,Loraine,Torald,Room 172
306,Dinnie,Ethersey,Suite 72
307,Jonathan,Lanchbury,Suite 66
308,Burt,Lago,Room 1353
309,Con,Vella,Suite 82
310,Heda,Murfett,Suite 74
311,Ambrosi,Le Pine,19th Floor
312,Wendall,Thorlby,Apt 1241
313,Rosanne,Tregidgo,PO Box 52064
314,Wit,Durbann,Apt 1160
315,Dolores,Isacke,18th Floor
316,Floris,Stallon,Suite 94
317,Paolina,Nussii,Suite 95
318,Hortensia,Chevin,Apt 1688
319,Graehme,Ech,4th Floor
320,Tyne,Collingdon,9th Floor
321,Stesha,Corp,7th Floor
322,Inge,Carillo,6th Floor
323,Karlis,Wannell,PO Box 69325
324,Michael,Wintour,Apt 1401
325,Peria,Steet,Apt 1707
326,Rene,Deetlefs,8th Floor
327,Sampson,Main,Room 356
328,Tybi,Arkell,PO Box 94629
329,Damaris,Bridgeman,Room 361
330,Janos,Brazel,Apt 1193
331,Mariejeanne,Maxworthy,Room 1791
332,Kittie,Chopping,Suite 94
333,Everard,Helsby,Apt 919
334,Alisha,Size,Apt 1269
335,Chucho,Yarr,Apt 731
336,Husein,Fell,Suite 26
337,Barclay,Dallaway,Suite 30
338,Bernadina,Strettell,Suite 99
339,Morgun,Thelwll,Suite 75
340,Pammy,Buckby,PO Box 42692
341,Paolo,Whiteley,Room 305
342,Allyson,Crisp,PO Box 78298
343,Abrahan,Danev,Apt 884
344,Almire,Jull,Room 439
345,Cassey,Oglethorpe,8th Floor
346,Norman,Pinckstone,Room 1197
347,Garreth,Tieman,PO Box 35949
348,Cordell,Scranedge,Suite 80
349,Feodor,Piercy,17th Floor
350,Cull,McGarrity,PO Box 58871
351,Drake,Cortnay,Suite 21
352,Trefor,Snarr,PO Box 99903
353,Marlin,Pearcehouse,12th Floor
354,Ursulina,Royall,Apt 309
355,Felisha,MacArdle,Apt 943
356,Marcellina,Werendell,5th Floor
357,Bernardina,Stubbert,14th Floor
358,Meryl,Collymore,3rd Floor
359,Josephina,Rosenzveig,Apt 671
360,Berni,Arminger,Room 1522
361,Veronique,Corey,Apt 1822
362,Therine,Fontin,Apt 615
363,Jobi,Blasio,15th Floor
364,Vivi,Mashro,Suite 82
365,Jules,Heathfield,PO Box 1361
366,Glyn,McCrae,Apt 115
367,Paolina,Bagnold,Apt 1280
368,Eduino,Burgett,Room 120
369,Ethan,O' Mullan,Room 1727
370,Harrietta,Peaden,PO Box 53784
371,Terry,Pampling,PO Box 79177
372,Brena,Shorie,Suite 10
373,Gustie,Shreeves,Suite 75
374,Feliza,Claque,PO Box 40457
375,Domenic,Lambersen,Apt 22
376,Susan,Jarry,Room 1176
377,Frankie,Oxbrough,PO Box 30944
378,Nicolle,Burton,Apt 1965
379,Myron,Gabbitas,Suite 96
380,Ruthie,Shilliday,Apt 843
381,Lynnea,Pengelly,Suite 22
382,Lorene,Rigden,Apt 881
383,Koo,Tart,PO Box 51240
384,Rhys,Figgins,PO Box 27579
385,Dominga,Aindriu,Apt 1354
386,Erinna,Johncey,PO Box 38474
387,Chandler,St. Ledger,Room 613
388,Wilmette,Rocca,Apt 1257
389,Stinky,McGruar,3rd Floor
390,Meridel,Andrews,Suite 85
391,Jarvis,Rose,20th Floor
392,Ninnette,Novello,Room 1773
393,Papageno,Betteriss,PO Box 69430
394,Erhart,Carthy,Suite 44
395,Garner,Demicoli,Apt 1580
396,Lebbie,Bamell,8th Floor
397,Bobette,Dawid,Apt 1849
398,Melesa,McKeurton,Suite 91
399,Rollie,Viney,Apt 608
400,Yettie,Marsham,Suite 81
401,Elyn,Crummay,PO Box 52948
402,Guy,Messent,Room 421
403,Yuma,Kenaway,PO Box 4719
404,Mack,McCarver,8th Floor
405,Althea,Jaskiewicz,PO Box 5826
406,Lea,Learmonth,PO Box 14912
407,Siward,Muckersie,Apt 26
408,Johnnie,Laminman,PO Box 176
409,Adina,Kettlesing,PO Box 54180
410,Blane,Colledge,1st Floor
411,Evvie,Geydon,PO Box 64824
412,Gannon,Inch,Apt 1456
413,Georgetta,Meeron,1st Floor
414,Dur,Bento,Apt 895
415,Luz,Lelande,16th Floor
416,Ewan,Hatzar,Room 1117
417,Heindrick,Crittal,Room 1283
418,Sullivan,Vernay,Room 569
419,Ethelred,Metzig,Room 50
420,Sarah,Breton,16th Floor
421,Alfredo,McTavish,PO Box 93992
422,Laurel,Yardy,Apt 461
423,Adelind,Grinov,Apt 520
424,Alecia,Clatworthy,Suite 98
425,Oneida,Sutch,Apt 1188
426,Alva,Kellough,Room 1809
427,Briano,Winstanley,Room 1592
428,Regen,Clacey,10th Floor
429,Abby,Mesnard,Apt 1731
430,Harley,Kuzma,1st Floor
431,Rabi,Pinar,Suite 2
432,Nikki,Rough,Suite 72
433,Anet,Elms,Suite 48
434,Osmund,Lyburn,PO Box 14971
435,Arlene,Bason,16th Floor
436,Cecile,Heaven,Apt 1244
437,Juli,Knowller,Room 1044
438,Jasmina,Gorrissen,11th Floor
439,Terrell,Frankland,Apt 27
440,Cart,Janning,3rd Floor
441,Fletcher,Matyja,Apt 171
442,Vivian,Perllman,Suite 13
443,Ronnie,Langmaid,14th Floor
444,Cassandre,Trousdell,PO Box 65727
445,Madge,Lumox,Room 641
446,Margaux,Steet,Suite 33
447,Paulo,Cuncliffe,20th Floor
448,Nicolina,Farriar,PO Box 19267
449,Clair,Shercliff,PO Box 24115
450,Latisha,Rilings,Room 1385
451,Bruce,Luckhurst,15th Floor
452,Myrilla,Scough,4th Floor
453,Valentino,Lowle,PO Box 33606
454,Hildagard,Childes,PO Box 67350
455,Lucienne,Bussetti,20th Floor
456,Shelia,Fleetham,Suite 49
457,Gerty,Benyan,18th Floor
458,Ines,Du Hamel,Suite 3
459,Chevy,Chisnall,Room 1983
460,Tommy,Bateman,Suite 93
461,Caprice,Kiggel,Room 1652
462,Jard,Ricciardi,Apt 1633
463,Felice,O'Sirin,Suite 96
464,Oralle,Bruin,Room 917
465,Chryste,Dionisio,Apt 1316
466,Briny,Inns,Room 871
467,Tammie,Healy,Suite 65
468,Isacco,Jilkes,20th Floor
469,Alameda,Vasilchenko,Apt 1752
470,Diannne,Supple,8th Floor
471,Dina,Kastel,Room 1583
472,Billy,Veschambre,Apt 1656
473,Ailene,Esser,PO Box 28796
474,Nicholas,Phelipeau,Apt 1098
475,Marrissa,McGowing,Apt 1190
476,Phebe,Moysey,PO Box 13149
477,Christiane,Pickthorn,Suite 22
478,Katharina,Kynett,Suite 93
479,Brandice,Sego,12th Floor
480,Carline,Trimble,5th Floor
481,Cheryl,Yurenev,PO Box 58786
482,Maude,Azema,PO Box 71905
483,Dewitt,Le Page,9th Floor
484,Mile,Rivers,Room 71
485,Pru,Legg,PO Box 43714
486,Humberto,Peskett,Suite 33
487,Susanetta,Louisot,PO Box 29958
488,Alain,Belding,Suite 26
489,Maddy,Alder,Room 1841
490,Carol-jean,Kniveton,PO Box 22578
491,Delia,Izzett,Apt 1538
492,Rickert,Lethibridge,Apt 252
493,Skip,Maffione,Suite 20
494,Brok,Muehler,PO Box 44361
495,Lucita,Laxe,Room 693
496,Adriane,Agronski,12th Floor
497,Gusta,Izakoff,Apt 1588
498,Alfy,Collaton,1st Floor
499,Emmett,Duerden,Suite 56
500,Reagen,Sparkes,PO Box 78908
501,Brigham,Killik,13th Floor
502,Heidie,Holtham,Apt 1242
503,Georgina,Bonas,Room 1410
504,Celine,Bowkley,Room 1559
505,Beryle,Valero,Room 1934
506,Aaron,Mizzen,13th Floor
507,Remus,Mapston,Apt 283
508,Christal,Stuttard,PO Box 66270
509,Rozalin,Breeton,19th Floor
510,Corilla,Stut,PO Box 28510
511,Giuditta,Meechan,Suite 96
512,Emilee,De Andisie,PO Box 88010
513,Heloise,Visco,Room 92
514,Wanids,Buzin,Room 1548
515,Irena,Frantzen,4th Floor
516,Torin,Connechie,PO Box 39286
517,Rebekkah,Baston,Apt 338
518,Bronnie,Glenton,Room 695
519,Orlando,Dolligon,Suite 86
520,Roobbie,Coyish,Suite 3
521,Bondon,Holdworth,2nd Floor
522,Henrie,MacInnes,PO Box 35241
523,Earvin,Kellie,Suite 48
524,Anallese,McGeown,Apt 992
525,Emmey,Gostall,Suite 17
526,Winn,Longhorne,Suite 60
527,Ronna,Parrin,PO Box 96981
528,Rodge,Harsum,PO Box 4291
529,Palmer,Spykings,8th Floor
530,Duff,Sheldon,Apt 563
531,Dorree,Burnell,Apt 1211
532,Bianca,Vain,8th Floor
533,Amory,MacFadin,Suite 63
534,Carina,Milch,Room 1375
535,Yorke,Durnford,Suite 53
536,Rosette,Penwell,PO Box 77689
537,Donovan,Goscomb,Suite 13
538,Alphonso,Swainsbury,PO Box 76344
539,Angelika,Snow,Room 448
540,Roselle,O'Donnelly,PO Box 47031
541,Zarah,Dunsmuir,Apt 1580
542,Alasdair,Levine,PO Box 83701
543,Corty,Reveley,4th Floor
544,May,Grigoroni,PO Box 23837
545,Wilbur,Greenstead,Suite 93
546,Margette,Barter,Suite 36
547,Howard,Sked,Suite 51
548,Rhiamon,McIlwain,PO Box 96300
549,Jocko,Sighard,PO Box 58233
550,Gnni,Yuryaev,PO Box 56512
551,Martica,Pitts,Suite 87
552,Ado,Petschel,PO Box 36146
553,Nicola,Feronet,Suite 87
554,Hill,Le Noir,Suite 71
555,Roderich,Domico,Apt 47
556,Farica,Toffolo,Room 1591
557,Wells,Killimister,Apt 1209
558,Tiffanie,Roxby,PO Box 61896
559,Ianthe,Bowler,Suite 32
560,Beatrisa,Teape,Suite 9
561,Nataline,Henriques,Suite 92
562,Ursulina,Velez,Suite 76
563,Bren,Simmers,Room 312
564,Jammie,Tripet,Room 829
565,Alis,Chittey,Suite 90
566,Spenser,Soule,Apt 129
567,Raquela,Lerway,PO Box 89645
568,Ky,Cholerton,PO Box 37557
569,Peggy,Galero,Room 1619
570,Roshelle,Gay,Suite 40
571,Judy,Cordeau],Room 446
572,Kelvin,O'Drought,Apt 966
573,Ransom,Winstanley,PO Box 80484
574,Benjy,Kippins,Suite 23
575,Gretel,Fogarty,Apt 1035
576,Leesa,Cockshot,Room 649
577,Sibel,O'Roan,20th Floor
578,Denver,Monier,Room 160
579,Tally,Le Provost,7th Floor
580,Cullan,Vigne,Suite 15
581,Harland,Swannick,Room 1419
582,Mikey,O' Sullivan,PO Box 36293
583,Ashby,Gaddes,PO Box 96064
584,Aryn,Bonds,PO Box 17341
585,Albrecht,Beetles,Suite 47
586,Bartholomeus,Halsted,Apt 611
587,Ronnie,Golds,Suite 58
588,Gayelord,Hardesty,16th Floor
589,Dorian,Roch,Room 649
590,Wendell,Oddy,Suite 28
591,Cesya,Oby,Apt 847
592,Gardener,Rubke,PO Box 51649
593,Vaughan,Thurborn,8th Floor
594,Reginauld,Sylvester,15th Floor
595,Robinet,Lovekin,Room 1877
596,Cletus,Forber,Apt 1056
597,Chevy,Bleesing,Apt 226
598,Merna,Helm,17th Floor
599,Der,Rontsch,Suite 65
600,Vin,Blenkinsop,9th Floor
601,Corey,Helis,PO Box 52480
602,Alexis,Puller,Room 1748
603,Sandie,Shaughnessy,PO Box 47263
604,Pennie,Dohrmann,Apt 1727
605,Giulio,Wiszniewski,Suite 84
606,Ursuline,Martinolli,PO Box 46680
607,Fernando,Mattedi,PO Box 63327
608,Yoshiko,Probin,Apt 990
609,Mimi,Fancy,Suite 82
610,Carney,Chalfont,Apt 1234
611,Sallee,Haughton,Apt 1768
612,Jemie,Yitzhakov,18th Floor
613,Coraline,Adderley,8th Floor
614,Guillema,Halahan,Suite 87
615,Rolando,McGarrell,Suite 66
616,Amandy,Brumfitt,14th Floor
617,Faulkner,Nitti,Room 515
618,Becka,Pidon,Apt 1984
619,Courtenay,Alenin,Room 55
620,Brynne,Hambidge,6th Floor
621,Alexis,Spilsted,1st Floor
622,Eydie,Laherty,Apt 598
623,Essy,Mozzi,Apt 551
624,Corby,Caisley,Room 1161
625,Dynah,Cristofaro,Suite 83
626,Trixi,Pepler,Apt 37
627,Sibel,Mattaser,Room 971
628,Eberto,Ffrench,PO Box 248
629,Cecile,Agney,PO Box 36501
630,Logan,Lease,Suite 41
631,Terza,Plampeyn,Apt 1791
632,Richy,Mattek,Room 716
633,Simonne,Sussems,Apt 236
634,Giffard,Shelbourne,PO Box 62402
635,Wallis,Giurio,Room 349
636,Marge,Harrowsmith,Apt 383
637,Austine,Pencot,Room 1992
638,Quill,Eliez,Apt 1723
639,Janene,Gandey,Room 673
640,Cord,Luetkemeyers,Apt 4
641,Trudy,Mattersley,Apt 71
642,Garrot,Yerrall,1st Floor
643,Amil,Erangey,Room 1439
644,Niles,Balassi,Room 1823
645,Rudolf,Lomansey,13th Floor
646,Royce,Poultney,Suite 79
647,Uriel,Reilly,Suite 3
648,Kurtis,Simkovich,Room 1849
649,Catarina,Maty,Apt 1796
650,Rycca,Jobbing,Suite 90
651,Georgianna,St Louis,Suite 37
652,Cortie,Bonwick,Room 550
653,Rhodie,Terrelly,Suite 28
654,Arron,Pleasance,Room 1550
655,Lotte,Shufflebotham,PO Box 17095
656,Jayme,Pavie,Room 717
657,Carry,Bonifazio,Suite 56
658,Granthem,Burburough,PO Box 21958
659,Cassandre,Erasmus,Apt 1638
660,Beverley,Scudamore,Room 848
661,Fabian,Rutter,PO Box 81540
662,Nollie,Swett,PO Box 56944
663,Derwin,Lilion,Room 1400
664,Kris,McFie,Apt 655
665,Mychal,Botwright,PO Box 6164
666,Katrina,Caruth,Room 578
667,Ruperto,Hartles,Apt 917
668,Trevor,Josefs,PO Box 15898
669,Cirstoforo,Colledge,Suite 30
670,Cynthia,Tyrone,Suite 94
671,Gabbey,Piatek,Room 557
672,Ursa,Efford,Suite 42
673,Jenifer,Formigli,PO Box 96894
674,Karly,Keaveny,Apt 1478
675,Claresta,Blazynski,16th Floor
676,Fernanda,De Giovanni,PO Box 63339
677,Ches,Abramovitz,Room 966
678,Carol,Hennington,Suite 58
679,Gallard,Littrell,15th Floor
680,Morie,Vedmore,18th Floor
681,Ellerey,Koenen,Suite 37
682,Diarmid,Richie,Room 1887
683,Zena,Fairfoull,PO Box 99184
684,Keslie,Ewols,Suite 34
685,Beilul,Dunniom,PO Box 19240
686,Aube,Cronkshaw,Room 1610
687,Brett,Abrahamoff,PO Box 5543
688,Juliann,Le Quesne,Apt 1278
689,Kerry,Kennsley,18th Floor
690,Louisette,Tolefree,8th Floor
691,Arvin,Ledstone,Room 1811
692,Kitti,O'Crowley,Apt 951
693,Sheff,Grattan,Suite 14
694,Teressa,Bilyard,Suite 82
695,Ansell,Treby,Suite 48
696,Demetria,Nowakowska,Room 778
697,Angelo,Bienvenu,PO Box 22165
698,Hillie,Bramsen,4th Floor
699,Jamesy,Ingre,Suite 81
700,Loy,Skellion,Apt 93
701,Layney,Jentle,PO Box 7328
702,Aurelie,Cressor,Room 414
703,Arther,McRoberts,PO Box 19827
704,Jaquenette,Sandells,Suite 1
705,Dimitri,Matusiak,Room 1402
706,Valene,Gawthorp,Suite 84
707,Loise,Ragbourne,PO Box 2893
708,Fernanda,Shanklin,Room 1518
709,Emmott,Chisnell,16th Floor
710,Mitzi,Routledge,Room 45
711,Shana,Jervoise,6th Floor
712,Angie,Loweth,1st Floor
713,Gideon,McCurdy,12th Floor
714,Gretal,McTerlagh,PO Box 13714
715,Fransisco,Bortolotti,Apt 1987
716,Faustina,Blyde,Room 686
717,Dennet,Broggetti,Apt 1265
718,Devlen,Semens,Apt 1294
719,Alric,Cavill,PO Box 51142
720,Pierson,Craufurd,16th Floor
721,Pete,Mosley,Room 266
722,Ludovico,Tulleth,Apt 301
723,Xena,Capstick,6th Floor
724,Flinn,Hawley,Apt 620
725,Gillan,Sivorn,Suite 10
726,Derward,Haselden,Room 356
727,Nero,Ferrini,Apt 1522
728,Barnie,Broodes,PO Box 14502
729,Georgine,Antrag,3rd Floor
730,Lorettalorna,Soaper,Apt 1575
731,Damita,Mellings,Apt 780
732,Shelley,Chislett,7th Floor
733,Adan,LAbbet,Room 1758
734,Isador,Welden,Suite 73
735,Montague,McOmish,Suite 89
736,Darrelle,Hawksby,Suite 78
737,Read,Skett,9th Floor
738,Josefa,Grealey,Suite 57
739,Forster,Guidera,PO Box 39072
740,Gallard,Brunelli,5th Floor
741,Reube,Lowre,Suite 91
742,Cilka,McKeighan,PO Box 8462
743,Leonard,Dunstan,11th Floor
744,Amalea,Durban,PO Box 68300
745,Lelah,O'Toole,Room 1914
746,Meg,Scutter,Room 1161
747,Bobine,Aymerich,PO Box 70521
748,Darby,Sains,Apt 72
749,Tallou,Martinet,6th Floor
750,Xavier,Brok,13th Floor
751,Lesley,Mutton,Room 670
752,Latrena,Yakobovitz,Apt 1756
753,Paolo,Dallimare,3rd Floor
754,Stoddard,Baugham,Apt 74
755,Alexio,Miskin,5th Floor
756,Augusto,Levensky,14th Floor
757,Sascha,Smead,Room 1888
758,Pall,Glassborow,Suite 74
759,Delia,Goult,11th Floor
760,Kathi,Lovering,Suite 15
761,Prinz,Huffa,Apt 600
762,Camile,O'Kuddyhy,PO Box 82993
763,Dagny,Marquese,Apt 1021
764,Eugene,Strutton,Apt 862
765,Elfreda,Tourne,8th Floor
766,Sarge,Sawyer,1st Floor
767,Jaime,Reasun,PO Box 84775
768,Janessa,Ballaam,Apt 999
769,Lezley,D'Adamo,PO Box 64560
770,Lind,Liverseege,Room 1757
771,Tani,Chadband,Room 991
772,Joly,Insoll,PO Box 99159
773,Crin,Minchinden,Apt 1156
774,Lurlene,Patron,PO Box 810
775,Filia,Swindin,Room 111
776,Britteny,Mounfield,Room 95
777,Margy,Blowne,Apt 590
778,Boothe,Callf,Room 1928
779,Glendon,Winkle,Suite 86
780,Shana,Bruhnke,8th Floor
781,Dougy,Leggate,Apt 1779
782,Jasmin,Gromley,Apt 780
783,Jeffie,Goom,7th Floor
784,Micheline,Christopherson,Room 1310
785,Pacorro,Crosskell,Suite 92
786,Harlin,Winwood,PO Box 10553
787,Nels,Lownsbrough,10th Floor
788,Waite,Mattersey,Suite 27
789,Delinda,Bettenay,PO Box 48499
790,Faustina,Jardin,Suite 31
791,Atlante,Sisley,Room 452
792,Maia,Casali,Suite 38
793,Eleanora,Coweuppe,Apt 1093
794,Casar,Kerry,Apt 1543
795,Ted,Neilson,PO Box 82026
796,Malena,Batchellor,PO Box 25402
797,Lilli,Orcas,Apt 49
798,Roth,O Sullivan,Apt 1975
799,Raye,Bonsall,Apt 1207
800,Lammond,Deakins,PO Box 63362
801,Casie,Bodocs,Suite 89
802,Darcie,Cobbin,Apt 863
803,Garnette,Corey,Apt 293
804,Jerald,Loveland,12th Floor
805,Fancie,Rosenfarb,Room 1680
806,Brandy,Ferfulle,Room 238
807,Marna,Critten,Suite 60
808,Sheela,Dilger,Apt 1670
809,Gifford,Archibold,Suite 82
810,Nehemiah,Luchetti,Room 510
811,Dominic,Dubs,Apt 773
812,Burty,Pymm,PO Box 85911
813,Flss,Nellis,Suite 58
814,Lelah,Peterken,12th Floor
815,Linda,McCart,Room 1221
816,Ulrick,Pinock,PO Box 13930
817,Giuseppe,Crang,Suite 61
818,Phebe,Turfrey,Room 1693
819,Patrica,Konke,PO Box 90667
820,Moore,Buttle,Apt 1817
821,Dedie,Breffitt,PO Box 68261
822,Correy,Drillingcourt,9th Floor
823,Bjorn,Withinshaw,5th Floor
824,Eydie,Dienes,PO Box 27022
825,Wang,Spofford,Apt 925
826,Lori,Blaxlande,Suite 30
827,Justine,Giller,Apt 861
828,Maryjane,Boutflour,Room 558
829,Jonell,Eppson,PO Box 59212
830,Othelia,Frangleton,Suite 61
831,Percival,Capewell,Apt 1971
832,Mireielle,Mattussevich,9th Floor
833,Arnaldo,Rabson,17th Floor
834,Antons,Fonteyne,Room 1252
835,Ewen,Piatkow,PO Box 37658
836,Danit,Ricker,PO Box 50692
837,Sharyl,Petranek,10th Floor
838,Garry,Wooffinden,Room 49
839,Collette,Whyman,Apt 1593
840,Margeaux,Goomes,Apt 365
841,Kayla,Natt,PO Box 13802
842,Flemming,Cranke,PO Box 95128
843,Buffy,Hambleton,Apt 1195
844,Alyson,Plaid,Room 1684
845,Lawton,Overill,PO Box 35908
846,Leesa,Larman,15th Floor
847,Wye,Bumfrey,PO Box 69597
848,Townsend,Danilyuk,PO Box 47138
849,Felicio,MacAlpine,Room 679
850,Richard,Tidbold,Suite 75
851,Daniele,Takos,PO Box 33286
852,Benedikta,Pinkard,Suite 75
853,Ketti,Pyer,Room 210
854,Phillipe,Kleinber,10th Floor
855,Bob,Lockhart,Suite 75
856,Hadleigh,Yanshonok,3rd Floor
857,Walsh,Dannohl,Suite 37
858,Shaun,Hammerberg,Room 155
859,Abigael,Tixall,Apt 1313
860,Zena,Hateley,3rd Floor
861,Hube,Davie,Apt 1488
862,Nils,Zuker,Apt 1431
863,Charlene,Axworthy,Room 27
864,Felike,Olivie,Suite 57
865,Vergil,Swaddle,10th Floor
866,Devi,Batrip,Room 1888
867,Robbyn,Zimek,Apt 62
868,Alvira,Geelan,4th Floor
869,Cornela,Milkin,8th Floor
870,Caprice,Lumsdale,PO Box 95660
871,Saul,Blueman,10th Floor
872,Lacie,Verriour,Apt 955
873,Paige,Cuncliffe,PO Box 49031
874,Joel,Rickhuss,3rd Floor
875,Boniface,Buttel,PO Box 67924
876,Dominga,Grigolon,7th Floor
877,Morris,Lashley,Suite 32
878,Shepperd,Deeprose,18th Floor
879,Waneta,Accum,Suite 38
880,Beatrice,Trubshaw,Room 1241
881,Georgie,De Domenico,Suite 9
882,August,Zisneros,Suite 50
883,Georgina,Behn,Suite 80
884,Abigale,Minkin,Suite 31
885,Petra,Halfacre,Room 1001
886,Wally,Chastand,Suite 22
887,Camille,Laux,PO Box 83308
888,Wyatt,Floyde,PO Box 23719
889,Armando,Gatenby,Apt 1824
890,Isis,Alfonso,Suite 64
891,Caresse,Gentry,8th Floor
892,Nelly,Belchamp,Suite 67
893,Betti,Murfin,Apt 205
894,Mead,De Banke,Apt 1824
895,Ezequiel,Dakhno,7th Floor
896,Gwenny,Yanukhin,Apt 950
897,Ron,Heisler,Apt 578
898,Vina,Sybry,PO Box 3379
899,Sylas,Saket,Room 502
900,Carolann,Hadingham,Room 1575
901,Alana,Matterson,Suite 52
902,Felice,Gallamore,5th Floor
903,Ganny,Spriggs,Apt 12
904,Dame,Sivewright,17th Floor
905,Raeann,Jimpson,Room 24
906,Courtney,Lowless,Apt 440
907,Erna,Casburn,PO Box 74593
908,Clayborne,McDuff,Room 838
909,Amalee,MacCall,Apt 440
910,Willy,Croot,Room 1943
911,Aurelea,Daveley,PO Box 95063
912,Gerrilee,Tremmil,Room 885
913,Starla,Walder,PO Box 51552
914,Lynnea,O'Driscoll,8th Floor
915,Reginauld,Eisenberg,Suite 94
916,Sutherlan,Robertet,Apt 1286
917,Angelo,Chisholm,Room 1224
918,Cassandre,Juanico,8th Floor
919,Alvinia,Geddes,Suite 69
920,Colan,Tamblyn,PO Box 97926
921,Garik,Wasielewski,Room 1740
922,Sid,Glawsop,Suite 23
923,Lilith,Bogies,15th Floor
924,Lucine,Uccello,PO Box 80551
925,Garry,Thomason,5th Floor
926,Babbie,Visco,Room 1153
927,Benny,Brislane,Room 795
928,Karrah,Manlow,11th Floor
929,Connor,Fautley,19th Floor
930,Killie,Rosentholer,PO Box 73361
931,Aubree,Buscher,Room 196
932,Sheba,Salkeld,Room 677
933,Gianina,Redler,Room 1501
934,Lynnett,Sidery,PO Box 89632
935,Darcie,Fullager,Apt 1380
936,Dyan,Pow,Apt 595
937,Dee,Stronack,Room 1160
938,Farr,Capaldo,Room 1931
939,Lane,Cisec,Room 771
940,Gilbertine,Killby,Suite 74
941,Polly,Pinnijar,PO Box 95432
942,Charmian,Birley,PO Box 71022
943,Charisse,O'Hickee,Room 448
944,Evvie,Wadham,5th Floor
945,Tiff,Cafferky,8th Floor
946,Bordie,Desesquelle,PO Box 39320
947,Keeley,Willavoys,8th Floor
948,Clementia,Dory,Suite 16
949,Claudelle,Cogdell,Suite 38
950,Chaim,MacMeeking,PO Box 1077
951,Vincent,Deetch,PO Box 71635
952,Beatriz,Chazerand,Suite 60
953,Nigel,Fonzo,Apt 75
954,Joby,Petrazzi,PO Box 2405
955,Micheal,Kosiada,Suite 6
956,Sherye,Barsham,Suite 79
957,Steven,Pipet,Room 1599
958,Betta,Fawdry,Room 1199
959,Victor,Chinnock,Room 1117
960,Sarene,Bortoli,Suite 74
961,Nobe,Yakovliv,20th Floor
962,Andromache,O'Finan,Suite 12
963,Barde,Guilder,Suite 41
964,Annecorinne,Paramor,Apt 144
965,Spence,Surfleet,PO Box 79233
966,Janeta,Casillas,Room 2
967,Monica,Hallatt,Apt 946
968,Yettie,Reaveley,Suite 49
969,Tierney,Hodgon,Suite 23
970,Myrvyn,Gillbe,Room 1662
971,Desmund,Alesi,PO Box 11027
972,Niall,Coger,Room 1034
973,Joana,Vinton,Room 495
974,Ransell,Bramsen,Suite 62
975,Elsy,Treanor,Suite 21
976,Rosanna,Egglestone,Room 1763
977,Eli,Synnot,Suite 56
978,Valaree,Jeanneau,Suite 10
979,Gwenneth,Gossage,Room 93
980,Danie,Foffano,Suite 95
981,Alfonse,Iozefovich,Apt 811
982,Zuzana,Trelevan,Room 1411
983,Nahum,Alpes,2nd Floor
984,Valaree,Spaxman,PO Box 16803
985,Kamillah,End,Suite 98
986,Dion,Goldsworthy,Suite 4
987,Denys,Fernez,PO Box 47134
988,Yancy,Di Franceschi,4th Floor
989,Olympie,Craigie,Apt 159
990,Barty,Shillaker,20th Floor
991,Sashenka,MacLeod,Room 180
992,Charlotte,Swaine,Suite 45
993,Bradan,Doers,Apt 1495
994,Renard,Delcastel,4th Floor
995,Cristi,Luther,PO Box 56385
996,Britt,Shower,Apt 11
997,Nathan,Huxton,19th Floor
998,Conny,Tungay,PO Box 64494
999,Cheryl,Ivashnyov,Suite 49
1000,Reggy,Aldwich,17th Floor
